Feature,Importance
debt_to_income_ratio,0.9274561683519825
years_employed,0.027162637971466556
fico_score,0.020606607455408984
credit_lines_outstanding,0.015314983454907326
loan_amt_outstanding,0.0039348821883610045
total_debt_outstanding,0.0029900094616318157
income,0.002534711116241851
